20,茅盾,教师
57,马克吐温,工程师
87,莫言,教师
99,天蚕土豆,运动员
11,冰心,歌手
30,马克吐温,医生
172,鲁迅,军人
50,沈从文,设计师
115,冰心,经纪人
39,张洁,画家
61,冰心,记者
141,沈从文,运动员
95,莫言,科学家
163,钱钟书,医生
68,查尔斯.狄更斯,画家
157,马克吐温,医生
126,张爱玲,教师
110,叶圣陶,中小学生
196,林语堂,医生
166,唐家三少,大学生
148,叶圣陶,军人
3,巴金,个体
61,唐家三少,经纪人
190,朱自清,个体
25,张爱玲,中小学生
77,张爱玲,个体
45,马克吐温,律师
168,张洁,运动员
198,张洁,大学生
81,贾平凹,工程师
111,贾平凹,画家
156,叶圣陶,中小学生
108,唐家三少,中小学生
99,巴金,运动员
200,朱湘,工程师
40,巴金,经纪人
92,茅盾,医生
63,张爱玲,教师
157,冰心,记者
73,冰心,大学生
160,叶圣陶,运动员
28,冰心,画家
13,冰心,运动员
180,刘震云,记者
139,马克吐温,律师
133,郑振泽,画家
105,茅盾,运动员
87,沈从文,科学家
188,郑振泽,记者
173,朱湘,运动员
27,叶圣陶,大学生
132,雨果,军人
78,巴金,歌手
75,莫言,医生
61,叶圣陶,科学家
144,巴金,律师
72,唐家三少,工程师
173,郑振泽,设计师
190,刘震云,大学生
67,钱钟书,工程师
38,雨果,工程师
58,郑振泽,律师
60,王朔,个体
77,鲁迅,律师
63,朱自清,教师
23,张爱玲,中小学生
75,林语堂,工程师
36,朱自清,军人
148,鲁迅,军人
37,叶圣陶,律师
166,林语堂,科学家
129,贾平凹,运动员
169,张洁,歌手
94,唐家三少,中小学生
83,张爱玲,军人
114,王朔,医生
96,莫言,运动员
64,天蚕土豆,中小学生
61,唐家三少,军人
177,张洁,记者
156,马克吐温,歌手
100,鲁迅,军人
31,查尔斯.狄更斯,画家
84,钱钟书,军人
191,叶圣陶,工程师
34,冰心,工程师
117,查尔斯.狄更斯,工程师
50,史铁生,运动员
129,张爱玲,大学生
91,沈从文,记者
57,巴金,军人
34,莫言,律师
81,莫言,设计师
173,叶圣陶,经纪人
146,史铁生,科学家
48,张洁,经纪人
63,查尔斯.狄更斯,画家
162,天蚕土豆,歌手
200,鲁迅,中小学生
93,林语堂,律师
30,茅盾,画家
33,巴金,经纪人
65,林语堂,设计师
112,林语堂,记者
38,朱自清,教师
21,天蚕土豆,歌手
184,沈从文,中小学生
15,贾平凹,画家
29,叶圣陶,军人
192,马克吐温,设计师
67,林语堂,个体
128,刘震云,记者
96,叶圣陶,设计师
102,郑振泽,律师
78,朱湘,大学生
198,雨果,运动员
170,天蚕土豆,教师
171,林语堂,中小学生
165,林语堂,设计师
5,王朔,画家
142,茅盾,大学生
95,冰心,歌手
86,朱自清,中小学生
53,茅盾,歌手
137,查尔斯.狄更斯,歌手
168,史铁生,工人
165,林语堂,经纪人
123,朱湘,经纪人
143,马克吐温,经纪人
135,朱自清,工人
84,史铁生,歌手
99,茅盾,记者
191,叶圣陶,大学生
8,张爱玲,大学生
45,贾平凹,记者
87,沈从文,运动员
136,茅盾,军人
130,查尔斯.狄更斯,中小学生
93,茅盾,歌手
164,唐家三少,歌手
181,茅盾,中小学生
94,史铁生,个体
12,张洁,画家
71,王朔,工人
181,林语堂,经纪人
96,林语堂,工程师
111,郑振泽,运动员
8,鲁迅,歌手
105,林语堂,工程师
89,王朔,律师
170,林语堂,歌手
147,查尔斯.狄更斯,工人
52,唐家三少,工程师
144,钱钟书,运动员
71,莫言,歌手
156,冰心,科学家
50,鲁迅,工人
49,鲁迅,教师
39,唐家三少,中小学生
165,查尔斯.狄更斯,画家
167,叶圣陶,大学生
7,鲁迅,科学家
168,刘震云,个体
185,刘震云,个体
137,冰心,科学家
143,雨果,工程师
79,王朔,科学家
90,冰心,律师
186,莫言,歌手
40,钱钟书,歌手
93,贾平凹,设计师
119,查尔斯.狄更斯,军人
90,叶圣陶,大学生
6,茅盾,运动员
7,叶圣陶,工程师
158,钱钟书,工程师
113,朱湘,经纪人
49,冰心,教师
79,唐家三少,经纪人
164,冰心,医生
163,冰心,画家
147,王朔,工人
104,张爱玲,大学生
97,鲁迅,画家
170,莫言,医生
64,王朔,记者
3,莫言,歌手
142,刘震云,军人
33,沈从文,经纪人
78,茅盾,记者
19,史铁生,个体
176,茅盾,经纪人
162,王朔,个体
185,冰心,中小学生
0,郑振泽,教师
64,朱湘,歌手
95,郑振泽,记者
139,张洁,工程师
82,冰心,歌手
181,冰心,医生
52,马克吐温,个体
112,张洁,大学生
53,贾平凹,工人
33,天蚕土豆,设计师
81,鲁迅,中小学生
169,鲁迅,记者
116,唐家三少,中小学生
153,沈从文,中小学生
178,王朔,画家
134,马克吐温,律师
49,巴金,记者
14,鲁迅,科学家
101,朱湘,工人
68,朱自清,经纪人
22,张爱玲,大学生
185,史铁生,记者
188,天蚕土豆,设计师
125,莫言,工人
61,林语堂,歌手
136,沈从文,工程师
52,林语堂,运动员
129,朱湘,医生
194,刘震云,画家
142,朱自清,设计师
190,沈从文,工人
40,钱钟书,运动员
54,巴金,经纪人
100,史铁生,运动员
52,贾平凹,医生
133,张洁,记者
25,林语堂,个体
195,天蚕土豆,大学生
107,张爱玲,律师
174,鲁迅,科学家
52,冰心,画家
102,查尔斯.狄更斯,科学家
130,查尔斯.狄更斯,律师
30,鲁迅,工人
139,马克吐温,歌手
83,巴金,工程师
91,雨果,大学生
153,郑振泽,工人
76,刘震云,歌手
39,郑振泽,经纪人
141,冰心,律师
55,莫言,经纪人
132,巴金,中小学生
101,唐家三少,军人
155,雨果,运动员
174,莫言,画家
151,朱自清,画家
196,叶圣陶,科学家
200,贾平凹,经纪人
167,钱钟书,设计师
128,刘震云,大学生
192,沈从文,设计师
22,王朔,教师
174,马克吐温,设计师
153,冰心,医生
56,巴金,运动员
112,王朔,经纪人
196,鲁迅,画家
57,冰心,歌手
55,天蚕土豆,个体
96,马克吐温,设计师
121,冰心,记者
59,张洁,大学生
163,莫言,个体
186,朱湘,大学生
192,雨果,大学生
146,冰心,工程师
36,雨果,设计师
32,郑振泽,医生
100,林语堂,科学家
82,王朔,画家
186,朱湘,画家
5,贾平凹,个体
90,沈从文,工程师
176,查尔斯.狄更斯,工程师
110,朱自清,大学生
84,鲁迅,大学生
39,冰心,运动员
152,天蚕土豆,画家
69,史铁生,教师
68,茅盾,歌手
45,叶圣陶,科学家
164,马克吐温,经纪人
180,沈从文,工人
170,巴金,工人
75,张爱玲,工程师
180,朱自清,经纪人
75,贾平凹,医生
172,朱自清,军人
145,鲁迅,科学家
160,朱自清,大学生
73,钱钟书,医生
15,林语堂,科学家
6,史铁生,记者
100,张洁,医生
172,郑振泽,工程师
104,刘震云,画家
166,张爱玲,工程师
115,张洁,记者
12,马克吐温,大学生
13,冰心,工程师
57,钱钟书,科学家
140,巴金,教师
137,贾平凹,教师
49,朱湘,记者
7,朱湘,设计师
58,巴金,个体
39,朱湘,中小学生
142,贾平凹,经纪人
87,巴金,中小学生
46,冰心,大学生
97,莫言,运动员
145,张爱玲,科学家
94,雨果,律师
39,冰心,教师
189,沈从文,画家
74,贾平凹,医生
158,茅盾,设计师
142,冰心,工人
22,贾平凹,记者
141,唐家三少,经纪人
78,冰心,工程师
127,朱自清,科学家
189,冰心,科学家
42,叶圣陶,律师
69,鲁迅,工人
84,冰心,记者
157,朱湘,律师
155,马克吐温,记者
186,冰心,科学家
65,莫言,大学生
158,莫言,医生
7,钱钟书,画家
9,马克吐温,中小学生
93,唐家三少,大学生
198,天蚕土豆,科学家
133,唐家三少,个体
17,朱湘,工人
15,张洁,画家
130,鲁迅,记者
22,沈从文,歌手
7,张洁,大学生
178,雨果,工程师
57,巴金,中小学生
13,林语堂,工人
145,郑振泽,工程师
162,马克吐温,经纪人
159,张洁,律师
177,冰心,画家
29,贾平凹,画家
175,叶圣陶,医生
182,马克吐温,画家
94,王朔,工程师
28,巴金,设计师
85,莫言,科学家
90,贾平凹,科学家
148,张洁,律师
60,查尔斯.狄更斯,律师
18,王朔,教师
109,朱湘,大学生
20,张洁,画家
162,张洁,运动员
38,贾平凹,中小学生
154,史铁生,医生
165,唐家三少,个体
0,郑振泽,科学家
142,史铁生,大学生
136,沈从文,工程师
89,叶圣陶,科学家
101,唐家三少,工程师
74,史铁生,个体
159,张洁,设计师
117,巴金,工人
19,史铁生,个体
169,冰心,军人
62,朱自清,大学生
48,巴金,设计师
67,马克吐温,医生
118,张爱玲,军人
26,钱钟书,医生
132,张爱玲,大学生
183,林语堂,军人
59,雨果,医生
117,唐家三少,画家
124,莫言,军人
87,鲁迅,记者
66,张爱玲,运动员
144,查尔斯.狄更斯,大学生
37,雨果,工人
57,张洁,科学家
32,沈从文,工人
182,叶圣陶,医生
1,朱自清,中小学生
107,林语堂,科学家
6,郑振泽,工程师
102,郑振泽,工程师
5,张爱玲,记者
31,天蚕土豆,大学生
102,叶圣陶,记者
37,张爱玲,工人
102,马克吐温,医生
51,王朔,歌手
8,冰心,设计师
70,马克吐温,个体
122,朱湘,运动员
145,马克吐温,个体
0,史铁生,工人
127,冰心,大学生
47,钱钟书,中小学生
168,马克吐温,科学家
140,张爱玲,工人
107,朱自清,军人
114,王朔,画家
38,莫言,教师
47,贾平凹,工程师
164,唐家三少,设计师
32,冰心,中小学生
178,雨果,记者
92,巴金,经纪人
62,郑振泽,教师
141,贾平凹,医生
144,马克吐温,个体
91,天蚕土豆,工程师
80,钱钟书,设计师
127,张洁,教师
199,史铁生,医生
199,查尔斯.狄更斯,中小学生
88,贾平凹,画家
159,张洁,设计师
3,张洁,运动员
121,巴金,记者
64,王朔,记者
47,钱钟书,律师
44,沈从文,歌手
65,唐家三少,歌手
98,林语堂,记者
86,朱湘,教师
126,莫言,设计师
144,王朔,经纪人
149,林语堂,医生
72,沈从文,科学家
113,马克吐温,运动员
69,鲁迅,运动员
137,唐家三少,律师
28,巴金,歌手
141,郑振泽,记者
144,朱湘,工人
146,冰心,记者
92,叶圣陶,经纪人
21,茅盾,军人
7,张爱玲,工人
48,茅盾,经纪人
126,郑振泽,工程师
163,林语堂,运动员
193,天蚕土豆,教师
10,沈从文,歌手
93,郑振泽,教师
110,贾平凹,工程师
37,郑振泽,中小学生
198,张洁,工人
62,天蚕土豆,医生
120,冰心,画家
137,查尔斯.狄更斯,工人
82,天蚕土豆,军人
197,沈从文,工程师
159,林语堂,画家
189,莫言,工人
149,张爱玲,记者
119,雨果,军人
90,茅盾,工人
94,张洁,工人
200,冰心,大学生
17,刘震云,军人
111,林语堂,军人
191,林语堂,工程师
139,马克吐温,经纪人
13,查尔斯.狄更斯,运动员
81,张洁,工程师
32,巴金,个体
156,雨果,歌手
61,张洁,画家
90,莫言,教师
193,茅盾,军人
102,钱钟书,教师
116,叶圣陶,画家
142,王朔,军人
69,张爱玲,经纪人
120,冰心,科学家
95,沈从文,大学生
69,冰心,中小学生
101,雨果,记者
27,叶圣陶,个体
93,巴金,记者
28,王朔,中小学生
186,茅盾,经纪人
171,刘震云,设计师
177,叶圣陶,画家
114,郑振泽,歌手
44,史铁生,医生
8,朱湘,教师
141,冰心,记者
168,冰心,军人
80,莫言,大学生
40,贾平凹,经纪人
166,林语堂,科学家
117,林语堂,画家
50,唐家三少,工人
10,天蚕土豆,个体
140,张洁,军人
77,叶圣陶,大学生
35,巴金,教师
1,张爱玲,科学家
24,林语堂,教师
68,茅盾,设计师
128,朱自清,中小学生
161,朱自清,律师
90,天蚕土豆,科学家
22,茅盾,工人
29,史铁生,律师
141,史铁生,律师
116,朱湘,大学生
80,朱自清,律师
83,张爱玲,运动员
26,鲁迅,经纪人
34,朱湘,设计师
86,天蚕土豆,个体
188,朱自清,经纪人
197,贾平凹,工程师
88,冰心,科学家
145,冰心,工程师
127,天蚕土豆,设计师
178,刘震云,工程师
126,张洁,画家
3,朱自清,律师
145,巴金,教师
1,朱自清,教师
11,茅盾,记者
114,朱自清,个体
133,钱钟书,画家
143,冰心,工人
92,刘震云,大学生
98,朱自清,歌手
127,马克吐温,军人
22,冰心,经纪人
63,郑振泽,个体
165,唐家三少,中小学生
164,贾平凹,工程师
116,林语堂,个体
179,刘震云,律师
67,马克吐温,律师
187,莫言,画家
158,林语堂,科学家
31,天蚕土豆,设计师
75,张爱玲,运动员
140,茅盾,中小学生
184,查尔斯.狄更斯,歌手
177,沈从文,画家
186,茅盾,医生
30,王朔,军人
94,王朔,工人
188,冰心,工程师
68,冰心,科学家
34,朱自清,科学家
81,莫言,个体
179,张爱玲,画家
103,张洁,工程师
195,莫言,个体
167,张洁,律师
169,林语堂,工人
130,贾平凹,运动员
40,查尔斯.狄更斯,经纪人
163,林语堂,画家
106,天蚕土豆,大学生
60,史铁生,科学家
2,鲁迅,教师
18,雨果,军人
134,钱钟书,经纪人
130,鲁迅,设计师
20,冰心,设计师
119,朱自清,经纪人
166,郑振泽,军人
105,天蚕土豆,大学生
156,冰心,大学生
147,沈从文,大学生
127,马克吐温,记者
174,雨果,记者
175,王朔,经纪人
177,钱钟书,歌手
156,王朔,经纪人
36,冰心,大学生
60,雨果,运动员
32,冰心,律师
99,刘震云,运动员
122,冰心,医生
170,冰心,画家
138,茅盾,记者
150,唐家三少,工程师
96,朱自清,个体
156,王朔,医生
98,朱自清,工人
115,钱钟书,中小学生
129,冰心,医生
19,钱钟书,工人
76,莫言,军人
60,史铁生,医生
44,冰心,中小学生
26,郑振泽,军人
81,朱湘,教师
177,张爱玲,大学生
72,莫言,工人
36,林语堂,军人
68,钱钟书,画家
115,张爱玲,科学家
55,茅盾,中小学生
155,林语堂,设计师
165,刘震云,运动员
187,沈从文,设计师
120,张爱玲,大学生
135,巴金,设计师
95,林语堂,画家
52,朱自清,画家
8,唐家三少,经纪人
109,查尔斯.狄更斯,教师
55,茅盾,设计师
124,冰心,工人
197,史铁生,设计师
186,鲁迅,记者
52,天蚕土豆,设计师
83,叶圣陶,律师
117,郑振泽,歌手
46,林语堂,大学生
158,莫言,歌手
150,钱钟书,经纪人
106,贾平凹,律师
72,张爱玲,工程师
199,钱钟书,个体
190,朱湘,记者
147,巴金,工人
58,张爱玲,大学生
76,查尔斯.狄更斯,工程师
70,叶圣陶,大学生
15,张洁,歌手
70,钱钟书,运动员
120,朱湘,教师
108,张洁,个体
118,冰心,大学生
156,天蚕土豆,军人
48,莫言,科学家
145,查尔斯.狄更斯,工程师
51,张爱玲,经纪人
144,张洁,工人
121,莫言,律师
192,林语堂,教师
6,沈从文,中小学生
101,鲁迅,医生
105,史铁生,工人
57,雨果,运动员
48,刘震云,工人
81,鲁迅,画家
162,郑振泽,军人
81,马克吐温,中小学生
51,贾平凹,教师
145,叶圣陶,律师
42,鲁迅,画家
76,莫言,记者
123,雨果,运动员
33,林语堂,科学家
90,冰心,军人
193,朱湘,教师
109,郑振泽,运动员
103,天蚕土豆,军人
119,钱钟书,工程师
57,马克吐温,大学生
139,朱湘,教师
46,王朔,科学家
19,林语堂,工程师
133,史铁生,科学家
30,沈从文,经纪人
134,冰心,运动员
187,张洁,工程师
45,冰心,记者
83,张爱玲,经纪人
190,林语堂,画家
35,史铁生,中小学生
110,叶圣陶,经纪人
162,贾平凹,运动员
0,冰心,工程师
17,雨果,经纪人
37,冰心,医生
102,钱钟书,经纪人
140,叶圣陶,律师
38,王朔,画家
52,叶圣陶,工程师
31,唐家三少,中小学生
8,朱自清,画家
24,唐家三少,大学生
111,茅盾,医生
66,马克吐温,歌手
31,贾平凹,歌手
18,叶圣陶,医生
131,朱湘,设计师
167,刘震云,医生
90,鲁迅,画家
192,叶圣陶,运动员
36,茅盾,经纪人
58,史铁生,律师
174,茅盾,中小学生
29,朱自清,工程师
126,马克吐温,记者
168,史铁生,歌手
154,张爱玲,大学生
167,莫言,记者
194,林语堂,工人
28,王朔,运动员
37,张洁,经纪人
155,张洁,教师
48,张洁,画家
90,冰心,科学家
160,林语堂,律师
0,冰心,画家
41,郑振泽,律师
77,朱自清,画家
102,叶圣陶,科学家
193,马克吐温,中小学生
118,林语堂,军人
178,茅盾,中小学生
10,郑振泽,工人
141,张爱玲,个体
111,马克吐温,教师
78,张洁,科学家
38,刘震云,教师
129,马克吐温,医生
88,马克吐温,科学家
89,莫言,医生
160,冰心,科学家
40,郑振泽,经纪人
58,郑振泽,记者
10,雨果,设计师
152,叶圣陶,工人
10,张洁,个体
17,刘震云,运动员
186,天蚕土豆,设计师
89,刘震云,军人
179,史铁生,记者
179,沈从文,歌手
111,茅盾,经纪人
32,巴金,经纪人
133,巴金,科学家
183,王朔,中小学生
147,天蚕土豆,工程师
152,林语堂,军人
89,贾平凹,个体
159,张爱玲,画家
73,张爱玲,画家
43,贾平凹,设计师
15,冰心,科学家
198,马克吐温,教师
6,史铁生,记者
35,雨果,记者
139,鲁迅,教师
141,雨果,运动员
130,茅盾,教师
47,林语堂,科学家
133,叶圣陶,中小学生
19,叶圣陶,科学家
161,莫言,歌手
40,冰心,歌手
117,雨果,教师
177,沈从文,律师
1,钱钟书,医生
183,王朔,军人
5,莫言,个体
16,沈从文,个体
84,雨果,工程师
178,巴金,律师
88,查尔斯.狄更斯,经纪人
25,张洁,中小学生
11,刘震云,歌手
68,茅盾,画家
190,叶圣陶,医生
28,冰心,大学生
136,张爱玲,设计师
51,冰心,记者
138,钱钟书,律师
170,雨果,中小学生
83,查尔斯.狄更斯,中小学生
38,钱钟书,设计师
72,朱自清,个体
28,朱自清,教师
197,郑振泽,歌手
178,刘震云,设计师
99,冰心,科学家
16,马克吐温,设计师
149,雨果,军人
185,郑振泽,工人
108,冰心,歌手
117,冰心,科学家
66,张洁,工程师
6,史铁生,大学生
47,冰心,律师
19,史铁生,教师
118,叶圣陶,工程师
92,唐家三少,记者
82,贾平凹,军人
181,唐家三少,科学家
136,冰心,画家
29,史铁生,军人
72,马克吐温,记者
196,冰心,工程师
190,天蚕土豆,设计师
23,张洁,医生
16,冰心,中小学生
154,巴金,工程师
66,唐家三少,运动员
92,鲁迅,科学家
3,查尔斯.狄更斯,科学家
92,史铁生,经纪人
134,张爱玲,大学生
165,莫言,律师
39,朱自清,医生
55,天蚕土豆,运动员
73,茅盾,工程师
166,莫言,工程师
43,唐家三少,中小学生
185,刘震云,律师
13,巴金,医生
14,莫言,运动员
72,马克吐温,经纪人
193,冰心,大学生
42,鲁迅,律师
43,郑振泽,个体
37,朱自清,记者
59,莫言,教师
179,林语堂,大学生
170,马克吐温,大学生
128,郑振泽,记者
12,朱自清,中小学生
104,天蚕土豆,医生
117,唐家三少,设计师
118,王朔,工程师
30,王朔,军人
169,王朔,大学生
184,莫言,个体
101,张洁,医生
59,林语堂,工程师
89,沈从文,中小学生
146,茅盾,记者
61,茅盾,歌手
25,张爱玲,设计师
73,唐家三少,工人
31,巴金,工人
24,史铁生,教师
39,冰心,科学家
151,唐家三少,工人
7,郑振泽,工程师
117,刘震云,工人
106,叶圣陶,个体
168,叶圣陶,经纪人
25,唐家三少,个体
180,查尔斯.狄更斯,医生
61,查尔斯.狄更斯,中小学生
144,叶圣陶,设计师
140,王朔,记者
130,王朔,律师
129,巴金,经纪人
148,张爱玲,画家
181,雨果,个体
87,钱钟书,教师
131,莫言,工人
140,叶圣陶,画家
113,查尔斯.狄更斯,医生
123,叶圣陶,工人
149,王朔,医生
181,唐家三少,律师
46,朱湘,记者
96,钱钟书,教师
86,史铁生,运动员
49,冰心,歌手
188,马克吐温,大学生
200,叶圣陶,歌手
107,贾平凹,歌手
156,冰心,军人
42,沈从文,画家
94,王朔,律师
26,钱钟书,大学生
192,马克吐温,工人
185,鲁迅,军人
39,马克吐温,画家
193,叶圣陶,经纪人
66,冰心,军人
145,鲁迅,大学生
136,茅盾,个体
94,鲁迅,工人
123,刘震云,经纪人
10,雨果,画家
95,查尔斯.狄更斯,教师
186,巴金,大学生
105,贾平凹,工人
5,郑振泽,中小学生
137,茅盾,画家
75,冰心,记者
68,叶圣陶,画家
57,马克吐温,大学生
173,冰心,运动员
75,冰心,经纪人
139,刘震云,教师
37,林语堂,设计师
178,叶圣陶,医生
122,张洁,歌手
171,张洁,个体
139,郑振泽,个体
32,张爱玲,歌手
119,史铁生,个体
160,张洁,运动员
146,史铁生,中小学生
6,马克吐温,工人
112,林语堂,个体
32,郑振泽,运动员
11,巴金,律师
162,天蚕土豆,中小学生
83,贾平凹,歌手
98,天蚕土豆,中小学生
107,巴金,画家
5,郑振泽,记者
145,朱湘,教师
85,郑振泽,军人
69,天蚕土豆,大学生
99,唐家三少,工程师
5,叶圣陶,运动员
185,朱湘,记者
84,郑振泽,经纪人
58,史铁生,经纪人
89,巴金,工人
66,叶圣陶,科学家
149,冰心,大学生
100,史铁生,科学家
10,钱钟书,设计师
124,朱自清,军人
1,天蚕土豆,歌手
108,马克吐温,中小学生
160,莫言,军人
71,张爱玲,大学生
10,茅盾,军人
150,史铁生,教师
137,叶圣陶,军人
132,林语堂,大学生
59,张爱玲,记者
62,雨果,医生
15,雨果,运动员
145,唐家三少,医生
116,史铁生,大学生
94,史铁生,运动员
37,刘震云,经纪人
113,林语堂,歌手
32,叶圣陶,工人
74,张洁,医生
59,叶圣陶,运动员
170,贾平凹,中小学生
87,茅盾,经纪人
173,冰心,医生
28,鲁迅,工程师
167,贾平凹,记者
69,唐家三少,设计师
11,马克吐温,个体
174,唐家三少,设计师
22,查尔斯.狄更斯,工程师
196,雨果,科学家
120,林语堂,军人
6,贾平凹,律师
0,冰心,军人
142,朱自清,医生
31,查尔斯.狄更斯,军人
181,郑振泽,律师
71,雨果,设计师
118,冰心,经纪人
160,雨果,画家
88,刘震云,画家
142,朱湘,教师
71,查尔斯.狄更斯,经纪人
4,雨果,画家
133,朱自清,运动员
22,巴金,运动员
73,巴金,医生
136,鲁迅,中小学生
4,朱自清,大学生
168,沈从文,歌手
138,莫言,画家
151,马克吐温,科学家
153,林语堂,记者
189,钱钟书,中小学生
16,朱湘,个体
21,王朔,医生
51,郑振泽,大学生
157,巴金,工人
145,天蚕土豆,工人
100,天蚕土豆,医生
155,雨果,个体
140,天蚕土豆,医生
97,朱湘,设计师
86,朱自清,画家
160,茅盾,律师
42,冰心,经纪人
155,王朔,运动员
85,叶圣陶,教师
48,叶圣陶,律师
26,刘震云,运动员
171,沈从文,科学家
51,巴金,中小学生
87,莫言,大学生
61,查尔斯.狄更斯,大学生
82,钱钟书,大学生
3,巴金,运动员
92,朱自清,大学生
169,马克吐温,教师
68,朱湘,大学生
169,叶圣陶,运动员
128,天蚕土豆,歌手
162,钱钟书,医生
61,冰心,教师
28,查尔斯.狄更斯,个体
183,鲁迅,大学生
188,钱钟书,设计师
51,朱自清,个体
34,郑振泽,记者
99,贾平凹,军人
40,茅盾,工程师
175,刘震云,工程师
174,冰心,个体
99,唐家三少,运动员
102,史铁生,歌手
22,刘震云,个体
46,林语堂,个体
48,巴金,设计师
178,沈从文,医生
189,冰心,设计师
62,朱湘,个体
190,冰心,画家
191,朱自清,大学生
188,唐家三少,画家
24,郑振泽,工人
46,郑振泽,军人
197,史铁生,律师
45,叶圣陶,律师
183,莫言,画家
120,茅盾,画家
151,冰心,大学生
124,贾平凹,运动员
172,唐家三少,工程师
134,冰心,军人
138,查尔斯.狄更斯,画家
150,马克吐温,记者
74,冰心,教师
94,钱钟书,工程师
155,刘震云,科学家
107,朱湘,工程师
135,贾平凹,设计师
86,巴金,歌手
177,贾平凹,大学生
195,茅盾,工人
72,朱湘,运动员
161,冰心,教师
117,鲁迅,画家
78,茅盾,设计师
34,查尔斯.狄更斯,工人
88,冰心,律师
145,雨果,运动员
177,张爱玲,大学生
8,钱钟书,中小学生
70,沈从文,个体
184,巴金,工程师
193,贾平凹,教师
142,史铁生,大学生
143,张爱玲,个体
164,天蚕土豆,画家
22,林语堂,大学生
186,叶圣陶,歌手
38,贾平凹,工人
72,朱自清,科学家
72,朱湘,歌手
13,史铁生,科学家
84,郑振泽,画家
115,沈从文,画家
171,查尔斯.狄更斯,记者
130,刘震云,工程师
171,叶圣陶,歌手
173,雨果,经纪人
64,林语堂,医生
153,莫言,记者
86,天蚕土豆,设计师
65,马克吐温,个体
149,查尔斯.狄更斯,歌手
168,马克吐温,记者
67,张洁,设计师
54,查尔斯.狄更斯,工人
137,贾平凹,歌手
9,冰心,科学家
184,沈从文,设计师
133,鲁迅,工人
193,鲁迅,科学家
67,贾平凹,律师
64,冰心,经纪人
123,朱湘,歌手
22,莫言,记者
174,朱湘,律师
188,王朔,经纪人
108,朱湘,个体
88,查尔斯.狄更斯,大学生
113,冰心,医生
80,朱湘,中小学生
5,鲁迅,歌手
16,巴金,军人
146,冰心,医生
176,沈从文,律师
34,叶圣陶,律师
166,张爱玲,记者
84,王朔,设计师
79,史铁生,医生
162,王朔,记者
122,林语堂,画家
124,马克吐温,教师
146,鲁迅,经纪人
186,沈从文,歌手
181,雨果,医生
36,朱自清,运动员
194,郑振泽,记者
155,林语堂,医生
105,叶圣陶,画家
56,唐家三少,画家
94,天蚕土豆,画家
70,朱自清,中小学生
189,林语堂,中小学生
114,鲁迅,科学家
104,林语堂,画家
89,张爱玲,工人
74,沈从文,记者
21,雨果,个体
156,马克吐温,经纪人
16,王朔,经纪人
153,雨果,记者
138,鲁迅,工程师
67,刘震云,教师
177,冰心,律师
57,贾平凹,军人
104,雨果,中小学生
97,史铁生,设计师
27,郑振泽,医生
124,茅盾,经纪人
37,张洁,个体
148,莫言,教师
93,郑振泽,记者
35,林语堂,教师
159,张洁,工人
54,雨果,经纪人
71,林语堂,画家
62,沈从文,大学生
177,莫言,运动员
73,沈从文,工程师
7,刘震云,经纪人
41,王朔,医生
113,天蚕土豆,律师
101,雨果,歌手
95,巴金,个体
179,林语堂,经纪人
186,史铁生,律师
13,钱钟书,工程师
52,张爱玲,记者
70,天蚕土豆,设计师
118,莫言,中小学生
104,茅盾,工人
51,贾平凹,记者
127,贾平凹,记者
52,史铁生,军人
65,史铁生,经纪人
105,查尔斯.狄更斯,律师
180,天蚕土豆,设计师
146,张爱玲,歌手
95,郑振泽,军人
37,茅盾,运动员
40,莫言,工程师
92,贾平凹,工程师
26,莫言,大学生
101,张爱玲,工程师
54,冰心,教师
9,查尔斯.狄更斯,科学家
159,张洁,工人
187,雨果,大学生
46,天蚕土豆,医生
37,天蚕土豆,医生
88,张爱玲,中小学生
14,林语堂,工程师
26,林语堂,歌手
38,王朔,个体
2,巴金,工程师
198,史铁生,歌手
92,冰心,歌手
136,贾平凹,中小学生
198,朱自清,科学家
51,沈从文,军人
46,冰心,经纪人
168,唐家三少,设计师
124,莫言,歌手
9,唐家三少,科学家
185,刘震云,个体
80,王朔,大学生
173,沈从文,军人
154,雨果,医生
179,王朔,个体
166,冰心,记者
173,郑振泽,运动员
154,沈从文,中小学生
184,王朔,经纪人
115,叶圣陶,教师
63,雨果,教师
60,巴金,画家
155,林语堂,个体
190,沈从文,工程师
32,雨果,教师
104,鲁迅,画家
25,天蚕土豆,歌手
171,冰心,科学家
192,天蚕土豆,中小学生
61,张洁,科学家
197,马克吐温,中小学生
42,莫言,工程师
130,张洁,运动员
52,林语堂,律师
101,叶圣陶,军人
128,王朔,医生
123,朱自清,医生
68,林语堂,中小学生
51,茅盾,画家
176,鲁迅,工人
188,史铁生,歌手
54,马克吐温,军人
40,马克吐温,律师
31,张爱玲,医生
187,钱钟书,运动员
93,郑振泽,军人
0,朱湘,工人
67,巴金,中小学生
36,朱湘,记者
197,史铁生,科学家
52,雨果,律师
35,钱钟书,歌手
30,茅盾,经纪人
163,冰心,军人
192,林语堂,医生
187,朱湘,大学生
35,郑振泽,科学家
113,钱钟书,军人
141,雨果,军人
7,郑振泽,画家
142,巴金,记者
132,马克吐温,个体
148,马克吐温,律师
2,唐家三少,经纪人
188,叶圣陶,经纪人
126,马克吐温,记者
162,沈从文,科学家
157,雨果,律师
102,天蚕土豆,大学生
2,朱湘,记者
121,张爱玲,教师
185,张爱玲,医生
37,张洁,医生
143,茅盾,歌手
115,查尔斯.狄更斯,画家
128,叶圣陶,律师
186,朱湘,科学家
180,刘震云,画家
84,贾平凹,中小学生
21,叶圣陶,经纪人
102,朱自清,大学生
109,林语堂,记者
76,雨果,工人
72,天蚕土豆,个体
85,朱湘,科学家
133,贾平凹,画家
43,莫言,记者
119,林语堂,个体
13,朱湘,设计师
89,唐家三少,科学家
193,张爱玲,设计师
181,朱自清,设计师
15,贾平凹,设计师
126,林语堂,科学家
137,天蚕土豆,律师
56,朱湘,律师
27,张洁,律师
181,查尔斯.狄更斯,工人
141,查尔斯.狄更斯,律师
8,唐家三少,经纪人
165,马克吐温,教师
182,马克吐温,工人
114,巴金,设计师
78,钱钟书,工人
69,贾平凹,中小学生
139,郑振泽,个体
113,叶圣陶,律师
80,莫言,歌手
171,冰心,个体
154,叶圣陶,运动员
13,查尔斯.狄更斯,医生
122,莫言,教师
51,马克吐温,大学生
120,史铁生,设计师
67,王朔,经纪人
145,张爱玲,医生
129,唐家三少,设计师
81,林语堂,医生
191,王朔,工人
57,巴金,工程师
139,雨果,律师
17,雨果,医生
44,马克吐温,中小学生
156,巴金,医生
138,叶圣陶,歌手
33,钱钟书,医生
155,鲁迅,运动员
152,朱自清,科学家
76,巴金,工程师
171,钱钟书,运动员
126,史铁生,教师
193,朱自清,医生
1,张洁,画家
99,冰心,记者
159,刘震云,军人
176,朱湘,科学家
94,张洁,军人
145,钱钟书,设计师
79,林语堂,工人
138,雨果,设计师
183,林语堂,记者
174,史铁生,工人
57,马克吐温,军人
42,沈从文,工人
115,叶圣陶,画家
38,天蚕土豆,军人
191,林语堂,工人
68,郑振泽,大学生
101,叶圣陶,经纪人
30,冰心,中小学生
162,张洁,教师
66,贾平凹,科学家
143,郑振泽,律师
138,贾平凹,大学生
62,朱自清,画家
100,天蚕土豆,画家
3,巴金,律师
87,朱湘,经纪人
29,朱自清,大学生
123,茅盾,大学生
116,马克吐温,工人
10,天蚕土豆,工程师
174,郑振泽,经纪人
64,朱湘,科学家
113,贾平凹,律师
111,马克吐温,经纪人
182,张爱玲,中小学生
106,张爱玲,记者
146,刘震云,经纪人
118,鲁迅,工程师
145,唐家三少,设计师
187,天蚕土豆,歌手
75,林语堂,记者
45,张爱玲,工程师
120,巴金,设计师
124,查尔斯.狄更斯,运动员
143,马克吐温,画家
188,查尔斯.狄更斯,工程师
126,张爱玲,歌手
163,沈从文,画家
73,王朔,医生
199,朱湘,工人
110,钱钟书,记者
194,马克吐温,科学家
66,张爱玲,大学生
127,王朔,设计师
61,唐家三少,中小学生
184,天蚕土豆,歌手
186,史铁生,军人
40,林语堂,画家
103,叶圣陶,中小学生
40,唐家三少,经纪人
165,叶圣陶,记者
173,刘震云,记者
175,钱钟书,科学家
96,朱自清,记者
175,唐家三少,工人
186,郑振泽,歌手
189,贾平凹,中小学生
37,贾平凹,歌手
88,朱湘,科学家
5,林语堂,记者
180,茅盾,律师
33,马克吐温,工程师
8,唐家三少,经纪人
148,刘震云,运动员
127,马克吐温,歌手
101,张爱玲,歌手
20,林语堂,教师
9,冰心,中小学生
183,郑振泽,教师
167,张爱玲,经纪人
111,雨果,律师
188,叶圣陶,工程师
57,马克吐温,军人
18,钱钟书,经纪人
4,郑振泽,工程师
111,冰心,大学生
52,沈从文,科学家
61,莫言,个体
195,冰心,工程师
9,张洁,工人
60,刘震云,设计师
108,茅盾,工程师
76,冰心,中小学生
137,鲁迅,工程师
118,莫言,记者
57,贾平凹,运动员
67,唐家三少,设计师
34,沈从文,教师
84,贾平凹,科学家
27,马克吐温,歌手
180,沈从文,工程师
198,查尔斯.狄更斯,歌手
87,马克吐温,科学家
44,巴金,经纪人
132,朱湘,中小学生
86,天蚕土豆,个体
28,刘震云,运动员
178,钱钟书,个体
80,朱湘,大学生
28,朱自清,个体
149,张爱玲,工人
112,史铁生,工程师
66,巴金,大学生
150,张爱玲,设计师
42,查尔斯.狄更斯,经纪人
55,冰心,律师
77,林语堂,画家
138,查尔斯.狄更斯,科学家
117,唐家三少,军人
0,马克吐温,中小学生
158,沈从文,军人
127,冰心,中小学生
65,张洁,运动员
61,巴金,设计师
138,刘震云,中小学生
162,茅盾,画家
167,王朔,画家
15,沈从文,医生
199,郑振泽,画家
55,朱自清,医生
12,冰心,大学生
62,朱自清,教师
17,张爱玲,中小学生
189,茅盾,中小学生
109,郑振泽,教师
12,朱湘,军人
189,巴金,中小学生
146,张洁,科学家
157,朱自清,工人
159,查尔斯.狄更斯,设计师
67,冰心,中小学生
43,唐家三少,运动员
10,林语堂,科学家
154,贾平凹,运动员
141,朱自清,律师
97,天蚕土豆,教师
28,张爱玲,记者
17,唐家三少,个体
52,天蚕土豆,运动员
158,巴金,运动员
34,朱湘,个体
84,林语堂,军人
22,钱钟书,经纪人
109,天蚕土豆,科学家
113,冰心,科学家
199,茅盾,中小学生
196,唐家三少,大学生
60,王朔,军人
186,鲁迅,经纪人
133,王朔,大学生
85,钱钟书,运动员
120,雨果,工人
79,茅盾,教师
142,林语堂,医生
137,朱自清,教师
15,贾平凹,歌手
12,冰心,医生
4,刘震云,律师
24,张洁,工程师
13,巴金,中小学生
51,马克吐温,教师
114,唐家三少,运动员
3,林语堂,记者
99,张洁,大学生
179,张爱玲,画家
108,查尔斯.狄更斯,歌手
159,朱自清,律师
158,查尔斯.狄更斯,歌手
37,唐家三少,经纪人
107,查尔斯.狄更斯,军人
35,天蚕土豆,经纪人
4,莫言,律师
44,贾平凹,工人
135,林语堂,科学家
131,冰心,大学生
121,王朔,记者
12,马克吐温,经纪人
104,刘震云,设计师
158,鲁迅,记者
68,马克吐温,医生
193,朱自清,画家
116,马克吐温,设计师
63,郑振泽,军人
121,叶圣陶,医生
151,巴金,律师
28,张爱玲,运动员
157,马克吐温,工程师
71,叶圣陶,大学生
66,冰心,教师
200,雨果,工程师
93,贾平凹,大学生
155,郑振泽,军人
194,唐家三少,教师
54,贾平凹,经纪人
197,钱钟书,大学生
127,茅盾,运动员
33,巴金,科学家
103,雨果,工程师
38,天蚕土豆,设计师
96,鲁迅,军人
71,贾平凹,大学生
148,朱自清,工程师
118,史铁生,教师
58,史铁生,军人
36,郑振泽,个体
132,王朔,工程师
102,鲁迅,设计师
185,沈从文,画家
176,唐家三少,教师
28,沈从文,大学生
40,史铁生,画家
52,查尔斯.狄更斯,工程师
118,张爱玲,记者
167,巴金,中小学生
17,史铁生,运动员
139,叶圣陶,中小学生
147,茅盾,工程师
188,雨果,设计师
166,查尔斯.狄更斯,记者
77,贾平凹,个体
177,朱湘,个体
198,史铁生,工人
156,郑振泽,设计师
132,刘震云,经纪人
85,朱湘,大学生
178,天蚕土豆,工程师
175,贾平凹,经纪人
122,雨果,中小学生
88,钱钟书,记者
53,查尔斯.狄更斯,工程师
55,张爱玲,设计师
110,钱钟书,中小学生
10,查尔斯.狄更斯,记者
7,朱自清,画家
185,茅盾,大学生
188,朱湘,大学生
11,查尔斯.狄更斯,画家
77,巴金,歌手
173,冰心,歌手
64,沈从文,画家
107,张爱玲,记者
158,唐家三少,科学家
8,莫言,画家
86,叶圣陶,大学生
144,郑振泽,画家
98,贾平凹,记者
71,莫言,个体
165,雨果,科学家
20,雨果,工程师
171,史铁生,律师
126,雨果,大学生
114,冰心,律师
115,唐家三少,工程师
178,史铁生,个体
2,沈从文,设计师
33,张爱玲,运动员
185,史铁生,记者
129,沈从文,中小学生
176,冰心,律师
59,沈从文,律师
13,马克吐温,画家
134,鲁迅,中小学生
97,史铁生,画家
188,张洁,科学家
16,雨果,工人
94,贾平凹,歌手
31,冰心,经纪人
27,史铁生,律师
177,王朔,科学家
49,查尔斯.狄更斯,运动员
61,贾平凹,医生
97,钱钟书,画家
53,茅盾,教师
5,唐家三少,经纪人
33,贾平凹,设计师
124,天蚕土豆,歌手
117,鲁迅,画家
187,茅盾,歌手
171,茅盾,歌手
88,张洁,工人
120,沈从文,设计师
188,张爱玲,大学生
41,朱自清,画家
52,莫言,经纪人
59,朱湘,个体
164,天蚕土豆,中小学生
97,茅盾,设计师
185,贾平凹,设计师
101,钱钟书,歌手
28,钱钟书,工程师
56,莫言,中小学生
97,朱湘,科学家
191,叶圣陶,个体
103,林语堂,教师
29,查尔斯.狄更斯,经纪人
178,莫言,教师
84,史铁生,画家
67,贾平凹,运动员
155,钱钟书,工程师
150,朱自清,运动员
0,钱钟书,个体
100,鲁迅,军人
15,冰心,中小学生
165,唐家三少,工程师
35,莫言,中小学生
146,史铁生,设计师
103,冰心,工人
110,张爱玲,记者
139,巴金,个体
147,茅盾,军人
109,史铁生,教师
59,郑振泽,画家
69,朱自清,画家
139,马克吐温,工人
31,刘震云,科学家
148,唐家三少,律师
82,莫言,中小学生
173,冰心,经纪人
189,刘震云,工人
130,钱钟书,律师
35,沈从文,工程师
135,莫言,科学家
13,史铁生,大学生
83,莫言,军人
126,王朔,科学家
181,贾平凹,律师
133,刘震云,大学生
47,巴金,大学生
98,天蚕土豆,工程师
49,鲁迅,设计师
143,朱湘,歌手
150,钱钟书,工程师
140,贾平凹,工程师
137,唐家三少,科学家
56,钱钟书,设计师
194,雨果,工人
199,巴金,工人
109,张洁,工程师
141,鲁迅,记者
27,茅盾,设计师
8,马克吐温,律师
171,沈从文,歌手
66,冰心,设计师
95,朱自清,设计师
153,朱自清,科学家
161,唐家三少,个体
8,冰心,工程师
119,鲁迅,设计师
116,茅盾,工程师
71,天蚕土豆,教师
41,钱钟书,经纪人
69,林语堂,大学生
116,巴金,大学生
193,朱湘,设计师
11,刘震云,律师
158,林语堂,科学家
150,张洁,中小学生
183,马克吐温,运动员
112,莫言,军人
83,钱钟书,大学生
155,雨果,个体
193,林语堂,经纪人
17,王朔,教师
120,莫言,科学家
200,林语堂,工程师
23,王朔,军人
180,马克吐温,军人
34,雨果,教师
114,郑振泽,医生
183,张洁,中小学生
2,沈从文,工程师
107,郑振泽,经纪人
173,叶圣陶,歌手
1,朱自清,律师
194,张洁,军人
38,刘震云,律师
131,巴金,歌手
19,张爱玲,运动员
107,唐家三少,个体
188,林语堂,设计师
119,张爱玲,画家
153,王朔,科学家
179,王朔,个体
114,雨果,科学家
16,马克吐温,工程师
98,马克吐温,运动员
71,朱自清,医生
146,朱湘,工人
139,查尔斯.狄更斯,中小学生
66,刘震云,教师
171,刘震云,个体
102,沈从文,医生
169,张爱玲,律师
145,巴金,设计师
8,林语堂,个体
38,马克吐温,中小学生
65,郑振泽,教师
65,雨果,律师
63,林语堂,大学生
88,鲁迅,律师
37,张爱玲,律师
90,天蚕土豆,律师
98,莫言,经纪人
71,史铁生,歌手
48,茅盾,画家
176,郑振泽,设计师
196,王朔,工程师
170,沈从文,工程师
69,马克吐温,记者
142,沈从文,中小学生
42,天蚕土豆,科学家
54,莫言,工人
143,张爱玲,歌手
165,巴金,教师
123,唐家三少,军人
78,马克吐温,个体
193,郑振泽,经纪人
125,马克吐温,画家
43,林语堂,医生
158,钱钟书,科学家
38,莫言,画家
23,朱湘,医生
63,查尔斯.狄更斯,个体
34,冰心,科学家
200,巴金,军人
89,张爱玲,律师
90,冰心,工人
10,冰心,记者
164,贾平凹,运动员
152,张爱玲,教师
50,朱湘,记者
38,叶圣陶,工人
166,唐家三少,运动员
105,贾平凹,大学生
147,冰心,个体
103,雨果,经纪人
145,张洁,中小学生
5,刘震云,律师
83,查尔斯.狄更斯,大学生
193,张爱玲,经纪人
5,王朔,歌手
178,鲁迅,军人
82,郑振泽,律师
41,王朔,工程师
13,冰心,中小学生
192,巴金,经纪人
73,张洁,运动员
145,查尔斯.狄更斯,工程师
86,马克吐温,个体
109,鲁迅,军人
28,张洁,医生
49,林语堂,画家
48,茅盾,中小学生
179,巴金,设计师
155,查尔斯.狄更斯,军人
56,沈从文,大学生
77,朱自清,律师
100,林语堂,个体
198,天蚕土豆,画家
80,刘震云,画家
77,朱湘,运动员
60,林语堂,医生
106,朱湘,律师
58,朱湘,科学家
85,贾平凹,记者
196,钱钟书,设计师
171,冰心,歌手
99,林语堂,歌手
196,鲁迅,运动员
164,钱钟书,工程师
186,张洁,大学生
11,史铁生,工人
142,郑振泽,工程师
28,鲁迅,大学生
39,雨果,经纪人
93,王朔,运动员
87,郑振泽,教师
72,贾平凹,工程师
151,史铁生,大学生
123,唐家三少,教师
148,林语堂,经纪人
110,钱钟书,经纪人
132,刘震云,画家
114,茅盾,经纪人
71,马克吐温,工人
37,天蚕土豆,科学家
5,王朔,经纪人
120,雨果,中小学生
13,叶圣陶,经纪人
4,茅盾,中小学生
160,冰心,科学家
154,沈从文,个体
29,唐家三少,经纪人
134,冰心,科学家
40,莫言,科学家
125,冰心,医生
61,钱钟书,记者
42,马克吐温,运动员
197,天蚕土豆,医生
187,查尔斯.狄更斯,画家
3,茅盾,画家
77,雨果,运动员
98,沈从文,科学家
9,冰心,中小学生
135,莫言,记者
9,莫言,歌手
83,雨果,科学家
170,冰心,中小学生
115,朱湘,中小学生
195,查尔斯.狄更斯,经纪人
4,刘震云,大学生
183,钱钟书,经纪人
138,郑振泽,歌手
75,茅盾,设计师
95,张洁,医生
155,朱自清,画家
26,冰心,军人
29,王朔,工人
53,沈从文,经纪人
107,张洁,科学家
73,林语堂,教师
36,天蚕土豆,运动员
110,查尔斯.狄更斯,科学家
4,郑振泽,中小学生
178,朱湘,歌手
194,雨果,经纪人
166,刘震云,设计师
7,朱湘,设计师
177,沈从文,画家
176,朱自清,记者
79,贾平凹,中小学生
126,钱钟书,军人
23,张洁,经纪人
146,雨果,画家
145,莫言,医生
139,茅盾,设计师
183,王朔,歌手
117,查尔斯.狄更斯,画家
163,郑振泽,设计师
162,莫言,医生
35,王朔,经纪人
97,唐家三少,设计师
91,朱自清,教师
197,查尔斯.狄更斯,设计师
142,钱钟书,教师
154,查尔斯.狄更斯,设计师
65,唐家三少,军人
136,林语堂,运动员
168,郑振泽,医生
140,冰心,设计师
16,茅盾,教师
80,茅盾,科学家
77,马克吐温,律师
11,张爱玲,个体
135,贾平凹,运动员
17,冰心,医生
169,贾平凹,军人
81,莫言,律师
136,莫言,工程师
26,张爱玲,个体
134,张洁,设计师
103,王朔,律师
127,沈从文,歌手
102,朱湘,画家
26,叶圣陶,个体
83,莫言,经纪人
187,茅盾,运动员
42,张洁,律师
69,沈从文,记者
168,史铁生,运动员
57,钱钟书,律师
5,雨果,工程师
36,朱自清,大学生
53,叶圣陶,律师
34,郑振泽,工人
7,朱自清,工人
117,朱湘,画家
185,叶圣陶,军人
163,茅盾,工人
136,茅盾,医生
54,莫言,科学家
42,张爱玲,军人
183,郑振泽,中小学生
172,鲁迅,医生
180,林语堂,个体
47,王朔,工程师
15,冰心,教师
101,叶圣陶,律师
31,张洁,科学家
42,马克吐温,设计师
195,查尔斯.狄更斯,工人
167,叶圣陶,科学家
82,查尔斯.狄更斯,中小学生
12,查尔斯.狄更斯,个体
76,林语堂,画家
4,莫言,设计师
36,茅盾,军人
184,史铁生,科学家
190,冰心,大学生
145,钱钟书,设计师
130,巴金,记者
105,张洁,律师
160,王朔,工人
16,唐家三少,设计师
46,张爱玲,律师
110,张爱玲,律师
159,朱自清,律师
173,莫言,设计师
195,王朔,工人
134,张洁,医生
29,鲁迅,大学生
102,朱自清,记者
126,张洁,工人
152,叶圣陶,中小学生
146,沈从文,工程师
124,朱自清,中小学生
16,王朔,经纪人
193,冰心,律师
79,钱钟书,军人
175,马克吐温,军人
101,茅盾,科学家
142,马克吐温,教师
155,马克吐温,科学家
84,唐家三少,工人
193,张爱玲,中小学生
135,沈从文,工程师
88,朱湘,记者
146,雨果,教师
129,莫言,大学生
143,朱湘,运动员
98,朱自清,科学家
184,莫言,科学家
148,张爱玲,经纪人
128,查尔斯.狄更斯,中小学生
113,林语堂,经纪人
197,刘震云,军人
162,钱钟书,教师
26,张爱玲,经纪人
174,史铁生,经纪人
113,朱自清,记者
196,叶圣陶,科学家
34,冰心,经纪人
179,查尔斯.狄更斯,运动员
79,巴金,个体
77,雨果,科学家
48,巴金,设计师
131,王朔,歌手
184,茅盾,运动员
52,冰心,个体
42,冰心,律师
173,马克吐温,大学生
108,鲁迅,科学家
151,鲁迅,科学家
180,张洁,大学生
102,林语堂,科学家
96,鲁迅,大学生
118,刘震云,经纪人
13,茅盾,大学生
114,王朔,设计师
142,查尔斯.狄更斯,医生
21,贾平凹,运动员
168,冰心,运动员
124,贾平凹,军人
55,冰心,画家
47,沈从文,律师
157,刘震云,教师
163,郑振泽,运动员
1,冰心,经纪人
169,朱自清,个体
188,张爱玲,教师
31,冰心,中小学生
124,冰心,大学生
59,莫言,教师
127,贾平凹,中小学生
62,林语堂,工人
32,唐家三少,医生
171,张爱玲,律师
98,莫言,工人
114,王朔,军人
200,贾平凹,运动员
18,查尔斯.狄更斯,画家
92,冰心,律师
97,朱湘,工人
79,茅盾,经纪人
71,冰心,个体
77,史铁生,中小学生
82,张爱玲,教师
163,张爱玲,科学家
140,林语堂,个体
104,冰心,工人
189,张洁,记者
56,钱钟书,中小学生
74,张爱玲,科学家
105,张爱玲,医生
139,刘震云,个体
73,唐家三少,工程师
135,雨果,歌手
108,查尔斯.狄更斯,画家
65,张洁,运动员
101,唐家三少,工人
10,马克吐温,教师
91,张爱玲,教师
109,莫言,科学家
83,钱钟书,军人
146,史铁生,经纪人
123,林语堂,经纪人
88,刘震云,大学生
158,鲁迅,个体
57,叶圣陶,画家
32,林语堂,设计师
79,雨果,歌手
175,鲁迅,科学家
70,天蚕土豆,工人
133,张爱玲,律师
188,张洁,经纪人
92,雨果,教师
83,天蚕土豆,个体
120,张洁,中小学生
173,郑振泽,个体
89,冰心,大学生
172,鲁迅,经纪人
3,王朔,画家
17,刘震云,大学生
187,王朔,设计师
169,郑振泽,军人
88,林语堂,记者
25,马克吐温,设计师
163,雨果,军人
181,钱钟书,画家
114,茅盾,大学生
138,叶圣陶,经纪人
112,张洁,科学家
117,叶圣陶,大学生
33,冰心,记者
145,查尔斯.狄更斯,记者
11,雨果,运动员
28,贾平凹,中小学生
161,沈从文,工人
158,查尔斯.狄更斯,记者
6,巴金,教师
119,史铁生,军人
89,沈从文,记者
125,朱自清,医生
16,朱湘,经纪人
97,叶圣陶,歌手
97,巴金,工人
161,鲁迅,工人
129,史铁生,医生
119,查尔斯.狄更斯,经纪人
127,钱钟书,医生
10,雨果,工程师
172,巴金,教师
183,查尔斯.狄更斯,运动员
10,唐家三少,军人
25,马克吐温,运动员
56,莫言,设计师
85,唐家三少,军人
56,林语堂,运动员
188,贾平凹,大学生
194,贾平凹,画家
114,史铁生,歌手
116,史铁生,经纪人
145,唐家三少,记者
70,查尔斯.狄更斯,歌手
18,朱自清,律师
102,朱湘,科学家
10,天蚕土豆,运动员
93,朱湘,记者
19,史铁生,设计师
199,王朔,医生
12,朱自清,军人
63,刘震云,运动员
157,张洁,医生
171,朱湘,律师
128,沈从文,运动员
125,茅盾,经纪人
99,刘震云,个体
67,张洁,设计师
12,林语堂,记者
179,叶圣陶,画家
146,冰心,工程师
3,钱钟书,画家
167,沈从文,工程师
31,张爱玲,歌手
101,贾平凹,个体
14,朱湘,运动员
4,史铁生,个体
62,贾平凹,军人
147,茅盾,运动员
190,冰心,中小学生
126,唐家三少,画家
46,王朔,个体
95,钱钟书,中小学生
132,林语堂,工人
172,雨果,教师
31,贾平凹,工人
114,张洁,中小学生
177,沈从文,个体
135,冰心,教师
136,茅盾,教师
115,冰心,个体
89,查尔斯.狄更斯,中小学生
53,茅盾,中小学生
140,史铁生,画家
45,张洁,律师
41,朱湘,军人
0,史铁生,医生
112,马克吐温,设计师
123,钱钟书,教师
157,郑振泽,律师
61,沈从文,歌手
180,茅盾,中小学生
89,钱钟书,工人
57,史铁生,科学家
109,查尔斯.狄更斯,工程师
181,叶圣陶,律师
190,天蚕土豆,医生
14,查尔斯.狄更斯,大学生
114,张爱玲,个体
146,林语堂,军人
87,冰心,歌手
9,沈从文,工人
15,钱钟书,大学生
32,张爱玲,歌手
69,张洁,科学家
199,钱钟书,军人
25,郑振泽,歌手
149,刘震云,设计师
15,雨果,记者
92,王朔,科学家
87,冰心,律师
160,雨果,科学家
145,史铁生,大学生
89,冰心,中小学生
119,朱自清,中小学生
110,茅盾,军人
44,钱钟书,运动员
29,雨果,律师
56,贾平凹,记者
163,茅盾,歌手
158,冰心,运动员
99,冰心,工程师
52,朱自清,设计师
21,贾平凹,工程师
199,张洁,教师
51,雨果,工程师
98,茅盾,工程师
95,唐家三少,设计师
109,朱自清,中小学生
20,王朔,设计师
92,莫言,律师
117,朱湘,工人
158,冰心,运动员
8,沈从文,歌手
113,贾平凹,军人
108,朱自清,画家
93,鲁迅,工程师
165,林语堂,工人
12,王朔,画家
98,马克吐温,运动员
16,查尔斯.狄更斯,画家
29,贾平凹,军人
57,莫言,律师
116,郑振泽,律师
156,钱钟书,歌手
31,茅盾,医生
116,王朔,运动员
39,刘震云,工人
13,唐家三少,中小学生
191,贾平凹,科学家
54,张爱玲,工程师
156,唐家三少,工程师
87,查尔斯.狄更斯,工人
54,贾平凹,经纪人
179,朱自清,画家
48,茅盾,工人
73,朱自清,科学家
31,冰心,大学生
179,沈从文,中小学生
138,冰心,工程师
6,张洁,运动员
185,莫言,工人
43,巴金,医生
107,沈从文,画家
81,鲁迅,记者
4,朱自清,个体
107,莫言,科学家
30,史铁生,医生
71,林语堂,个体
69,史铁生,中小学生
198,沈从文,歌手
111,叶圣陶,歌手
113,林语堂,大学生
109,雨果,军人
155,郑振泽,经纪人
150,张洁,运动员
146,叶圣陶,大学生
113,天蚕土豆,运动员
191,马克吐温,画家
66,莫言,科学家
16,朱自清,医生
140,林语堂,运动员
174,王朔,科学家
120,巴金,军人
71,唐家三少,经纪人
176,朱自清,中小学生
158,郑振泽,军人
158,马克吐温,大学生
173,唐家三少,经纪人
184,王朔,律师
106,郑振泽,个体
122,唐家三少,教师
135,鲁迅,运动员
6,张洁,工人
84,林语堂,工人
41,史铁生,经纪人
31,张洁,中小学生
86,雨果,律师
196,林语堂,工程师
28,叶圣陶,画家
35,朱湘,军人
103,茅盾,工人
15,贾平凹,工人
103,贾平凹,教师
158,沈从文,律师
137,贾平凹,教师
29,林语堂,大学生
93,天蚕土豆,记者
115,叶圣陶,中小学生
119,钱钟书,运动员
113,朱湘,运动员
42,贾平凹,画家
130,巴金,歌手
101,朱湘,科学家
113,茅盾,律师
23,冰心,记者
151,史铁生,教师
51,莫言,工人
164,叶圣陶,设计师
157,查尔斯.狄更斯,医生
62,钱钟书,医生
51,刘震云,工程师
6,冰心,教师
47,叶圣陶,设计师
2,雨果,个体
82,张爱玲,律师
59,朱湘,记者
147,钱钟书,记者
200,莫言,律师
54,朱湘,医生
198,朱湘,设计师
1,查尔斯.狄更斯,歌手
76,茅盾,教师
80,莫言,个体
77,莫言,大学生
183,钱钟书,设计师
150,朱湘,设计师
40,王朔,科学家
148,冰心,中小学生
12,朱自清,工人
65,林语堂,医生
57,钱钟书,医生
186,贾平凹,工程师
109,茅盾,大学生
4,朱湘,中小学生
8,莫言,科学家
102,唐家三少,画家
161,林语堂,军人
53,王朔,大学生
32,朱湘,个体
151,巴金,记者
105,史铁生,歌手
154,雨果,军人
102,冰心,律师
113,朱湘,画家
47,张洁,中小学生
179,朱自清,经纪人
67,张爱玲,工人
81,叶圣陶,军人
66,朱湘,律师
71,林语堂,工人
60,鲁迅,画家
27,沈从文,画家
191,沈从文,军人
104,天蚕土豆,科学家
157,马克吐温,个体
133,天蚕土豆,运动员
75,张爱玲,设计师
126,张爱玲,工人
63,马克吐温,歌手
191,张爱玲,教师
176,贾平凹,大学生
23,巴金,个体
196,冰心,中小学生
175,朱自清,画家
147,沈从文,歌手
70,郑振泽,经纪人
141,史铁生,运动员
123,茅盾,教师
23,郑振泽,个体
41,郑振泽,大学生
5,钱钟书,律师
77,史铁生,工程师
184,贾平凹,设计师
109,天蚕土豆,律师
189,冰心,大学生
37,冰心,大学生
10,贾平凹,大学生
31,张爱玲,运动员
167,查尔斯.狄更斯,工人
142,冰心,大学生
183,马克吐温,大学生
108,唐家三少,大学生
182,王朔,经纪人
168,朱湘,教师
78,钱钟书,画家
131,林语堂,律师
105,张洁,歌手
4,刘震云,个体
120,莫言,运动员
138,刘震云,律师
8,雨果,工人
143,茅盾,中小学生
17,冰心,中小学生
73,史铁生,工程师
178,茅盾,设计师
74,茅盾,画家
193,朱湘,运动员
58,天蚕土豆,科学家
119,张洁,工人
61,冰心,教师
45,钱钟书,医生
159,钱钟书,画家
11,莫言,军人
78,唐家三少,画家
156,天蚕土豆,中小学生
80,马克吐温,医生
53,朱自清,设计师
98,冰心,个体
54,冰心,工人
38,巴金,记者
31,查尔斯.狄更斯,律师
55,沈从文,教师
71,天蚕土豆,工程师
197,贾平凹,大学生
19,贾平凹,大学生
107,史铁生,经纪人
0,王朔,律师
140,张洁,工人
185,张洁,大学生
109,史铁生,中小学生
33,雨果,歌手
75,天蚕土豆,中小学生
25,莫言,医生
14,郑振泽,经纪人
37,马克吐温,经纪人
74,鲁迅,设计师
110,查尔斯.狄更斯,个体
65,雨果,教师
193,莫言,经纪人
79,朱自清,教师
171,莫言,歌手
194,贾平凹,科学家
187,冰心,大学生
39,沈从文,运动员
171,林语堂,经纪人
64,茅盾,经纪人
20,贾平凹,中小学生
0,马克吐温,个体
2,雨果,画家
21,叶圣陶,医生
136,朱湘,记者
169,鲁迅,律师
150,查尔斯.狄更斯,记者
159,莫言,军人
124,钱钟书,设计师
68,查尔斯.狄更斯,工程师
95,钱钟书,大学生
29,贾平凹,设计师
146,贾平凹,医生
186,查尔斯.狄更斯,工人
7,张爱玲,中小学生
121,张爱玲,大学生
150,天蚕土豆,歌手
64,查尔斯.狄更斯,个体
179,郑振泽,经纪人
115,冰心,工程师
164,王朔,军人
172,朱自清,画家
183,冰心,画家
173,朱湘,科学家
150,刘震云,军人
195,唐家三少,医生
106,巴金,大学生
41,张洁,科学家
162,查尔斯.狄更斯,运动员
47,马克吐温,律师
177,张洁,律师
150,贾平凹,军人
48,鲁迅,记者
180,冰心,设计师
128,鲁迅,科学家
180,茅盾,律师
56,鲁迅,歌手
141,林语堂,运动员
32,唐家三少,歌手
87,贾平凹,记者
136,朱自清,工人
69,天蚕土豆,工人
16,林语堂,中小学生
138,天蚕土豆,画家
64,钱钟书,画家
49,唐家三少,医生
167,贾平凹,医生
179,林语堂,中小学生
108,林语堂,设计师
149,雨果,运动员
122,冰心,教师
19,冰心,设计师
55,沈从文,教师
162,巴金,画家
152,鲁迅,大学生
102,张爱玲,工程师
109,林语堂,医生
124,天蚕土豆,运动员
30,冰心,工程师
144,沈从文,医生
161,张洁,经纪人
88,冰心,中小学生
95,刘震云,医生
95,王朔,画家
136,王朔,工程师
53,张爱玲,记者
164,唐家三少,军人
136,雨果,运动员
69,张洁,设计师
170,冰心,教师
147,史铁生,歌手
197,马克吐温,科学家
165,查尔斯.狄更斯,记者
73,沈从文,中小学生
64,朱自清,科学家
145,王朔,军人
193,贾平凹,中小学生
114,沈从文,医生
120,张洁,大学生
98,林语堂,运动员
152,茅盾,军人
177,唐家三少,大学生
126,鲁迅,经纪人
101,朱湘,工程师
142,史铁生,设计师
138,朱湘,记者
125,茅盾,教师
168,巴金,科学家
40,刘震云,大学生
155,雨果,医生
81,马克吐温,设计师
175,冰心,中小学生
58,张洁,歌手
36,唐家三少,军人
129,王朔,教师
113,史铁生,运动员
134,唐家三少,中小学生
53,唐家三少,医生
114,巴金,医生
83,鲁迅,教师
176,天蚕土豆,运动员
135,史铁生,中小学生
182,刘震云,中小学生
141,朱自清,中小学生
186,郑振泽,教师
153,朱湘,大学生
184,朱自清,画家
31,朱自清,画家
51,冰心,个体
101,钱钟书,工程师
9,史铁生,记者
163,马克吐温,画家
171,史铁生,大学生
91,林语堂,医生
3,郑振泽,律师
121,贾平凹,设计师
143,莫言,歌手
47,冰心,记者
41,朱湘,科学家
196,沈从文,教师
7,沈从文,经纪人
41,巴金,中小学生
6,沈从文,军人
194,林语堂,歌手
199,刘震云,画家
41,冰心,歌手
115,唐家三少,画家
56,查尔斯.狄更斯,军人
96,莫言,个体
160,雨果,经纪人
126,贾平凹,医生
43,巴金,个体
37,林语堂,中小学生
89,马克吐温,工人
166,茅盾,歌手
11,张爱玲,中小学生
146,刘震云,经纪人
73,鲁迅,工程师
47,莫言,运动员
55,刘震云,中小学生
158,朱自清,医生
0,鲁迅,个体
99,唐家三少,工人
111,朱自清,军人
59,雨果,教师
145,王朔,医生
25,郑振泽,军人
71,鲁迅,工人
187,林语堂,工程师
152,张爱玲,军人
112,贾平凹,大学生
87,钱钟书,工程师
103,马克吐温,医生
83,钱钟书,设计师
88,郑振泽,中小学生
136,朱湘,科学家
34,王朔,画家
124,巴金,大学生
183,沈从文,军人
185,朱湘,画家
200,巴金,记者
54,钱钟书,大学生
100,朱自清,科学家
16,郑振泽,中小学生
150,巴金,画家
16,朱自清,运动员
117,雨果,医生
198,沈从文,律师
99,钱钟书,工人
47,叶圣陶,大学生
65,莫言,设计师
108,莫言,军人
72,朱湘,医生
133,刘震云,个体
56,朱湘,个体
146,冰心,大学生
133,张洁,运动员
23,叶圣陶,大学生
77,沈从文,歌手
69,贾平凹,中小学生
10,茅盾,教师
175,朱自清,工程师
78,张爱玲,记者
8,朱湘,军人
159,朱湘,大学生
83,天蚕土豆,医生
138,查尔斯.狄更斯,个体
113,叶圣陶,医生
31,马克吐温,教师
47,查尔斯.狄更斯,记者
187,郑振泽,个体
159,巴金,画家
142,唐家三少,运动员
150,郑振泽,教师
80,雨果,经纪人
106,张洁,设计师
81,马克吐温,中小学生
159,冰心,中小学生
196,叶圣陶,歌手
66,茅盾,运动员
164,雨果,工程师
194,林语堂,经纪人
172,唐家三少,中小学生
20,鲁迅,画家
153,茅盾,大学生
10,沈从文,军人
191,冰心,画家
100,查尔斯.狄更斯,经纪人
147,张爱玲,歌手
13,冰心,教师
36,钱钟书,记者
129,郑振泽,大学生
142,茅盾,个体
152,鲁迅,个体
110,张爱玲,歌手
48,刘震云,律师
17,叶圣陶,记者
86,林语堂,科学家
26,郑振泽,工人
102,莫言,律师
19,冰心,科学家
68,张爱玲,歌手
160,张爱玲,教师
104,贾平凹,教师
121,马克吐温,科学家
71,朱自清,律师
81,郑振泽,工程师
74,雨果,记者
200,冰心,军人
183,马克吐温,科学家
78,雨果,工人
60,张爱玲,工人
102,沈从文,工人
96,史铁生,军人
35,刘震云,工程师
7,冰心,医生
105,查尔斯.狄更斯,经纪人
173,郑振泽,记者
26,茅盾,科学家
192,天蚕土豆,歌手
191,刘震云,运动员
78,冰心,记者
182,沈从文,个体
65,茅盾,经纪人
148,天蚕土豆,工程师
16,天蚕土豆,运动员
47,沈从文,运动员
150,茅盾,律师
58,史铁生,医生
196,莫言,中小学生
98,朱湘,教师
38,唐家三少,记者
116,沈从文,工程师
1,巴金,工人
43,史铁生,歌手
11,茅盾,歌手
94,天蚕土豆,军人
111,冰心,大学生
145,王朔,科学家
52,张洁,军人
34,钱钟书,科学家
88,朱湘,设计师
26,鲁迅,工程师
133,唐家三少,运动员
15,朱自清,律师
128,贾平凹,设计师
62,冰心,歌手
111,天蚕土豆,军人
159,王朔,设计师
106,冰心,工程师
129,冰心,大学生
153,天蚕土豆,画家
4,钱钟书,记者
198,张洁,经纪人
106,唐家三少,科学家
117,雨果,设计师
148,查尔斯.狄更斯,中小学生
142,刘震云,大学生
25,张爱玲,医生
120,林语堂,经纪人
83,张爱玲,记者
106,鲁迅,工程师
141,林语堂,画家
189,茅盾,歌手
105,沈从文,运动员
78,张爱玲,运动员
54,贾平凹,军人
151,查尔斯.狄更斯,设计师
170,沈从文,中小学生
192,天蚕土豆,中小学生
130,钱钟书,律师
156,巴金,律师
159,沈从文,中小学生
88,鲁迅,经纪人
96,莫言,教师
178,巴金,画家
35,查尔斯.狄更斯,军人
28,刘震云,军人
145,茅盾,医生
192,王朔,设计师
40,史铁生,教师
80,朱自清,设计师
10,贾平凹,工人
140,刘震云,教师
97,张爱玲,大学生
57,朱自清,画家
190,莫言,律师
81,王朔,大学生
132,郑振泽,经纪人
69,郑振泽,记者
71,史铁生,医生
121,林语堂,大学生
104,唐家三少,军人
133,马克吐温,运动员
23,郑振泽,个体
154,王朔,大学生
46,钱钟书,工人
51,巴金,设计师
53,唐家三少,记者
37,贾平凹,画家
64,史铁生,个体
188,林语堂,经纪人
84,贾平凹,军人
150,茅盾,医生
3,郑振泽,科学家
64,莫言,运动员
89,巴金,科学家
146,叶圣陶,律师
183,马克吐温,医生
9,朱自清,医生
129,巴金,医生
191,朱自清,工程师
22,叶圣陶,大学生
16,鲁迅,中小学生
145,王朔,工人
24,钱钟书,记者
115,叶圣陶,记者
183,刘震云,医生
9,林语堂,中小学生
39,沈从文,个体
79,林语堂,律师
102,郑振泽,个体
165,鲁迅,中小学生
74,史铁生,医生
91,郑振泽,教师
150,贾平凹,医生
79,林语堂,工人
163,叶圣陶,教师
111,林语堂,经纪人
17,巴金,教师
93,贾平凹,画家
147,鲁迅,工程师
8,史铁生,工人
91,林语堂,个体
164,朱自清,个体
30,天蚕土豆,中小学生
96,马克吐温,律师
11,贾平凹,画家
170,茅盾,工程师
177,天蚕土豆,科学家
48,沈从文,中小学生
73,沈从文,教师
141,茅盾,记者
76,马克吐温,医生
1,张洁,中小学生
76,查尔斯.狄更斯,工程师
30,茅盾,设计师
81,马克吐温,歌手
74,巴金,画家
176,马克吐温,设计师
65,郑振泽,工人
192,史铁生,记者
64,朱湘,律师
153,史铁生,医生
13,朱湘,歌手
106,雨果,设计师
113,王朔,设计师
185,朱湘,运动员
58,林语堂,律师
78,鲁迅,医生
161,张爱玲,医生
75,叶圣陶,工人
159,贾平凹,画家
84,张爱玲,医生
13,张洁,画家
160,天蚕土豆,中小学生
156,郑振泽,经纪人
109,刘震云,画家
54,查尔斯.狄更斯,军人
8,张洁,教师
147,冰心,运动员
185,莫言,教师
73,钱钟书,医生
129,巴金,大学生
43,雨果,教师
32,郑振泽,中小学生
74,朱湘,科学家
123,巴金,军人
128,刘震云,设计师
55,冰心,画家
67,史铁生,医生
135,茅盾,教师
177,冰心,工程师
110,莫言,工人
117,郑振泽,运动员
118,马克吐温,军人
125,史铁生,医生
197,刘震云,大学生
47,雨果,工程师
2,史铁生,个体
80,张洁,教师
101,茅盾,个体
54,雨果,大学生
32,马克吐温,运动员
151,鲁迅,记者
182,冰心,科学家
169,王朔,律师
54,马克吐温,经纪人
129,张爱玲,大学生
92,朱自清,运动员
113,沈从文,中小学生
155,冰心,军人
158,唐家三少,中小学生
0,莫言,中小学生
147,冰心,工程师
136,朱自清,科学家
37,茅盾,工人
8,莫言,工程师
142,冰心,教师
171,贾平凹,运动员
123,沈从文,工程师
200,郑振泽,画家
183,张爱玲,记者
148,冰心,个体
168,天蚕土豆,工程师
183,郑振泽,教师
49,鲁迅,个体
114,鲁迅,教师
138,沈从文,画家
181,雨果,工程师
117,郑振泽,运动员
96,莫言,中小学生
144,唐家三少,歌手
194,王朔,军人
150,茅盾,医生
108,朱湘,记者
92,张爱玲,个体
94,雨果,歌手
144,张洁,工人
20,朱自清,科学家
171,林语堂,画家
96,朱湘,医生
169,张洁,工程师
91,刘震云,工人
74,唐家三少,运动员
120,贾平凹,工程师
97,王朔,工人
31,朱湘,记者
193,查尔斯.狄更斯,教师
3,巴金,记者
79,朱自清,律师
67,郑振泽,律师
151,朱湘,画家
189,雨果,经纪人
192,巴金,画家
183,冰心,经纪人
193,冰心,军人
70,沈从文,运动员
84,林语堂,科学家
9,朱湘,科学家
19,郑振泽,个体
4,朱自清,工人
45,王朔,中小学生
159,巴金,记者
92,史铁生,记者
198,贾平凹,大学生
72,郑振泽,医生
114,冰心,工程师
100,冰心,军人
88,朱自清,中小学生
84,钱钟书,经纪人
1,张洁,科学家
94,王朔,个体
178,贾平凹,教师
180,钱钟书,科学家
55,贾平凹,个体
69,张洁,经纪人
82,贾平凹,工人
22,林语堂,大学生
62,沈从文,个体
94,雨果,经纪人
124,叶圣陶,律师
109,史铁生,设计师
86,雨果,教师
3,刘震云,个体
170,冰心,歌手
11,沈从文,中小学生
32,叶圣陶,律师
12,唐家三少,大学生
12,朱自清,律师
134,沈从文,大学生
181,鲁迅,军人
152,雨果,教师
148,史铁生,中小学生
100,鲁迅,记者
184,鲁迅,记者
121,冰心,画家
29,冰心,大学生
2,雨果,工人
58,叶圣陶,设计师
140,马克吐温,医生
170,雨果,教师
81,刘震云,工程师
153,朱自清,军人
136,鲁迅,教师
15,朱湘,画家
54,叶圣陶,记者
41,莫言,记者
112,刘震云,中小学生
32,刘震云,工程师
110,雨果,设计师
153,沈从文,画家
168,贾平凹,工程师
15,刘震云,军人
166,朱自清,设计师
183,查尔斯.狄更斯,经纪人
139,刘震云,教师
131,查尔斯.狄更斯,画家
113,沈从文,医生
125,贾平凹,大学生
123,贾平凹,歌手
144,冰心,画家
147,刘震云,经纪人
154,查尔斯.狄更斯,中小学生
14,沈从文,大学生
15,茅盾,运动员
57,张洁,工程师
116,鲁迅,中小学生
5,查尔斯.狄更斯,医生
101,张爱玲,个体
173,冰心,画家
30,史铁生,大学生
74,张爱玲,中小学生
166,唐家三少,画家
87,冰心,律师
140,贾平凹,设计师
102,贾平凹,个体
134,林语堂,大学生
171,天蚕土豆,中小学生
81,王朔,大学生
172,冰心,经纪人
7,贾平凹,教师
152,林语堂,画家
132,张爱玲,运动员
45,史铁生,经纪人
196,王朔,记者
46,朱湘,经纪人
151,朱湘,记者
114,史铁生,运动员
88,查尔斯.狄更斯,教师
148,马克吐温,经纪人
66,茅盾,工人
53,朱自清,经纪人
146,马克吐温,工程师
15,茅盾,经纪人
146,雨果,军人
55,张爱玲,中小学生
133,莫言,律师
161,天蚕土豆,医生
173,查尔斯.狄更斯,运动员
54,唐家三少,运动员
161,茅盾,个体
66,沈从文,教师
6,张爱玲,运动员
10,鲁迅,工程师
186,天蚕土豆,个体
71,朱湘,科学家
13,茅盾,记者
193,马克吐温,中小学生
21,林语堂,设计师
189,茅盾,画家
71,茅盾,教师
168,叶圣陶,设计师
166,郑振泽,个体
76,朱自清,工人
82,张爱玲,画家
14,刘震云,歌手
146,叶圣陶,大学生
110,张洁,律师
114,雨果,运动员
128,刘震云,律师
128,林语堂,教师
147,雨果,歌手
192,叶圣陶,画家
